date,game_id,team,opponent,team_score,opponent_score,won,team_game_index,wins_to_date,losses_to_date,games_played_to_date,games_remaining,remaining_estimated_wins,wins,losses,total_estimated_wins
2026-01-05,24w1j54rlgk9,Hive,Mist,56,72,0,1,0,1,1,13,6.132311752478785,0,1,6.132311752478785
2026-01-05,24w1j54rlgk9,Mist,Hive,72,56,1,1,1,0,1,13,6.831123691957944,1,0,7.831123691957944
2026-01-05,8z57p4vocgku,Laces,Vinyl,58,42,1,1,1,0,1,13,6.963978597262498,1,0,7.963978597262498
2026-01-05,8z57p4vocgku,Vinyl,Laces,42,58,0,1,0,1,1,13,6.214096017720098,0,1,6.214096017720098
2026-01-05,justsjfaumpa,Breeze,Phantom,69,62,1,1,1,0,1,13,6.874765822203433,1,0,7.874765822203433
2026-01-05,justsjfaumpa,Phantom,Breeze,62,69,0,1,0,1,1,13,6.397171563468456,0,1,6.397171563468456
2026-01-05,rku5vtdbh0g9,Lunar Owls,Rose,60,80,0,1,0,1,1,13,5.971271708187354,0,1,5.971271708187354
2026-01-05,rku5vtdbh0g9,Rose,Lunar Owls,80,60,1,1,1,0,1,13,6.6298380576770155,1,0,7.6298380576770155
2026-01-09,535bs6iqcihk,Rose,Vinyl,69,67,1,2,2,0,2,12,6.299198052730271,2,0,8.299198052730272
2026-01-09,535bs6iqcihk,Vinyl,Rose,67,69,0,2,0,2,2,12,5.462286106352526,0,2,5.462286106352526
2026-01-09,kgxtxd4cer7n,Breeze,Hive,73,62,1,2,2,0,2,12,6.531644616426993,2,0,8.531644616426993
2026-01-09,kgxtxd4cer7n,Hive,Breeze,62,73,0,2,0,2,2,12,5.403118632313209,0,2,5.403118632313209
2026-01-10,7ho7jky8vlgx,Lunar Owls,Phantom,60,94,0,2,0,2,2,12,5.322536565551064,0,2,5.322536565551064
2026-01-10,7ho7jky8vlgx,Phantom,Lunar Owls,94,60,1,2,1,1,2,12,6.086704887526045,1,1,7.086704887526045
2026-01-10,d1hw7t1y5d6h,Laces,Mist,81,83,0,2,1,1,2,12,6.2211959123204315,1,1,7.2211959123204315
2026-01-10,d1hw7t1y5d6h,Mist,Laces,83,81,1,2,2,0,2,12,6.687776836123153,2,0,8.687776836123152
2026-01-11,8wxxygkej5rb,Breeze,Rose,69,73,0,3,2,1,3,11,5.7117736687546925,2,1,7.7117736687546925
2026-01-11,8wxxygkej5rb,Rose,Breeze,73,69,1,3,3,0,3,11,5.992443207273044,3,0,8.992443207273045
2026-01-11,94j1mo0zurq0,Hive,Vinyl,66,89,0,3,0,3,3,11,4.6513166247194375,0,3,4.6513166247194375
2026-01-11,94j1mo0zurq0,Vinyl,Hive,89,66,1,3,1,2,3,11,5.187481286956683,1,2,6.187481286956683
2026-01-12,msoh2b5w85lf,Laces,Lunar Owls,84,72,1,3,2,1,3,11,5.843208732068084,2,1,7.843208732068084
2026-01-12,msoh2b5w85lf,Lunar Owls,Laces,72,84,0,3,0,3,3,11,4.752443183829979,0,3,4.752443183829979
2026-01-12,qa0nawipwn7r,Mist,Phantom,61,64,0,3,2,1,3,11,5.973282915033398,2,1,7.973282915033398
2026-01-12,qa0nawipwn7r,Phantom,Mist,64,61,1,3,2,1,3,11,5.907826800999059,2,1,7.907826800999059
2026-01-16,bm2lkss94wnl,Laces,Phantom,76,75,1,4,3,1,4,10,5.6481563080331325,3,1,8.648156308033133
2026-01-16,bm2lkss94wnl,Phantom,Laces,75,76,0,4,2,2,4,10,5.266776195820973,2,2,7.266776195820973
2026-01-16,g6szh1j6cvup,Hive,Rose,78,75,1,4,1,3,4,10,4.464817407661449,1,3,5.464817407661449
2026-01-16,g6szh1j6cvup,Rose,Hive,75,78,0,4,3,1,4,10,5.080637447274672,3,1,8.080637447274672
2026-01-17,6fc2b21zkjrc,Breeze,Vinyl,66,81,0,4,2,2,4,10,4.895529510604861,2,2,6.895529510604861
2026-01-17,6fc2b21zkjrc,Vinyl,Breeze,81,66,1,4,2,2,4,10,4.942178720722494,2,2,6.942178720722494
2026-01-17,qp6ewzers2uq,Lunar Owls,Mist,65,79,0,4,0,4,4,10,4.184600270563724,0,4,4.184600270563724
2026-01-17,qp6ewzers2uq,Mist,Lunar Owls,79,65,1,4,3,1,4,10,5.535082078214344,3,1,8.535082078214344
2026-01-18,beflzp9vtekt,Laces,Rose,70,66,1,5,4,1,5,9,5.271094866754082,4,1,9.271094866754082
2026-01-18,beflzp9vtekt,Rose,Laces,66,70,0,5,3,2,5,9,4.4547304741448714,3,2,7.4547304741448714
2026-01-18,cmbngt41whq3,Hive,Phantom,59,71,0,5,1,4,5,9,3.915904496618236,1,4,4.915904496618236
2026-01-18,cmbngt41whq3,Phantom,Hive,71,59,1,5,3,2,5,9,4.88764284007347,3,2,7.88764284007347
2026-01-19,4eqyt7yhtfqo,Lunar Owls,Vinyl,68,57,1,5,1,4,5,9,3.952296084171231,1,4,4.9522960841712305
2026-01-19,4eqyt7yhtfqo,Vinyl,Lunar Owls,57,68,0,5,2,3,5,9,4.096597138448157,2,3,6.096597138448157
2026-01-19,6d69v7ar0xev,Breeze,Mist,83,64,1,5,3,2,5,9,4.6687587228448315,3,2,7.6687587228448315
2026-01-19,6d69v7ar0xev,Mist,Breeze,64,83,0,5,3,2,5,9,4.766695957154138,3,2,7.766695957154138
2026-01-23,f5ka0iwfzzq7,Mist,Rose,89,71,1,6,4,2,6,8,4.400475443731908,4,2,8.400475443731908
2026-01-23,f5ka0iwfzzq7,Rose,Mist,71,89,0,6,3,3,6,8,3.8106570883212774,3,3,6.810657088321277
2026-01-23,m0a5r2dtoddj,Phantom,Vinyl,78,69,1,6,4,2,6,8,4.474744100743799,4,2,8.474744100743798
2026-01-23,m0a5r2dtoddj,Vinyl,Phantom,69,78,0,6,2,4,6,8,3.554791731371188,2,4,5.554791731371187
2026-01-24,o5h5wwa88ubf,Breeze,Lunar Owls,75,68,1,6,4,2,6,8,4.195719962373633,4,2,8.195719962373634
2026-01-24,o5h5wwa88ubf,Lunar Owls,Breeze,68,75,0,6,1,5,6,8,3.3527367634674405,1,5,4.3527367634674405
2026-01-24,rqmx9jwdey3k,Hive,Laces,52,70,0,6,1,5,6,8,3.4477126956235384,1,5,4.447712695623538
2026-01-24,rqmx9jwdey3k,Laces,Hive,70,52,1,6,5,1,6,8,4.7749409466891475,5,1,9.774940946689147
2026-01-25,qdabzsr7orwr,Phantom,Rose,74,84,0,7,4,3,7,7,3.7274064427232902,4,3,7.72740644272329
2026-01-25,qdabzsr7orwr,Rose,Phantom,84,74,1,7,4,3,7,7,3.5903107329378847,4,3,7.590310732937885
2026-01-25,z3excek1ez3s,Mist,Vinyl,76,71,1,7,5,2,7,7,3.940626341586365,5,2,8.940626341586364
2026-01-25,z3excek1ez3s,Vinyl,Mist,71,76,0,7,2,5,7,7,3.0183112382985318,2,5,5.018311238298532
2026-01-26,we60wkslgptb,Hive,Lunar Owls,74,71,1,7,2,5,7,7,3.072681948915585,2,5,5.072681948915585
2026-01-26,we60wkslgptb,Lunar Owls,Hive,71,74,0,7,1,6,7,7,2.714896566016742,1,6,3.714896566016742
2026-01-26,z9a8c3a3f47a,Breeze,Laces,67,76,0,7,4,3,7,7,3.62435893763555,4,3,7.6243589376355505
2026-01-26,z9a8c3a3f47a,Laces,Breeze,76,67,1,7,6,1,7,7,4.320700005016844,6,1,10.320700005016844
2026-01-30,eeu0pr7ym0hl,Breeze,Phantom,68,71,0,8,4,4,8,6,3.069106961471672,4,4,7.069106961471672
2026-01-30,eeu0pr7ym0hl,Phantom,Breeze,71,68,1,8,5,3,8,6,3.334040818282001,5,3,8.334040818282002
2026-01-30,vdb8ggegjla9,Lunar Owls,Rose,85,75,1,8,2,6,8,6,2.4445738685975953,2,6,4.444573868597596
2026-01-30,vdb8ggegjla9,Rose,Lunar Owls,75,85,0,8,4,4,8,6,2.8030000354407143,4,4,6.803000035440714
2026-01-31,7o71wu9ncyum,Laces,Vinyl,63,70,0,8,6,2,8,6,3.4943602754046594,6,2,9.49436027540466
2026-01-31,7o71wu9ncyum,Vinyl,Laces,70,63,1,8,3,5,8,6,2.8658448860681403,3,5,5.865844886068141
2026-01-31,xtdko9u0dz00,Hive,Mist,69,82,0,8,2,6,8,6,2.571608757550771,2,6,4.571608757550771
2026-01-31,xtdko9u0dz00,Mist,Hive,82,69,1,8,6,2,8,6,3.4248888520112057,6,2,9.424888852011206
2026-02-01,0qk7xnwrjl75,Lunar Owls,Phantom,49,59,0,9,2,7,9,5,2.025583010160156,2,7,4.025583010160156
2026-02-01,0qk7xnwrjl75,Phantom,Lunar Owls,59,49,1,9,6,3,9,5,2.7779127719538876,6,3,8.777912771953888
2026-02-01,znaz6wt4m9qd,Breeze,Rose,81,56,1,9,5,4,9,5,2.652478016132652,5,4,7.652478016132652
2026-02-01,znaz6wt4m9qd,Rose,Breeze,56,81,0,9,4,5,9,5,2.194909306738412,4,5,6.194909306738412
2026-02-02,bbtgvhaw6lko,Laces,Mist,67,62,1,9,7,2,9,5,3.078491599663851,7,2,10.07849159966385
2026-02-02,bbtgvhaw6lko,Mist,Laces,62,67,0,9,6,3,9,5,2.851950834458152,6,3,8.851950834458151
2026-02-02,h7btwh8t3srm,Hive,Vinyl,71,74,0,9,2,7,9,5,1.9898543738827323,2,7,3.989854373882732
2026-02-02,h7btwh8t3srm,Vinyl,Hive,74,71,1,9,4,5,9,5,2.4379424274897774,4,5,6.437942427489777
2026-02-06,0ovi1o3gceaf,Breeze,Hive,68,70,0,10,5,5,10,4,1.9604334740178389,5,5,6.960433474017838
2026-02-06,0ovi1o3gceaf,Hive,Breeze,70,68,1,10,3,7,10,4,1.677723141960863,3,7,4.677723141960863
2026-02-06,xiave0mvjrqn,Laces,Lunar Owls,74,70,1,10,8,2,10,4,2.4414263693918894,8,2,10.44142636939189
2026-02-06,xiave0mvjrqn,Lunar Owls,Laces,70,74,0,10,2,8,10,4,1.6611592150032706,2,8,3.661159215003271
2026-02-07,2z5xkvt6l91v,Rose,Vinyl,74,66,1,10,5,5,10,4,1.767651891940785,5,5,6.767651891940785
2026-02-07,2z5xkvt6l91v,Vinyl,Rose,66,74,0,10,4,6,10,4,1.8251843802269447,4,6,5.825184380226945
2026-02-07,rirx8622d6hv,Mist,Phantom,71,83,0,10,6,4,10,4,2.31210653887837,6,4,8.31210653887837
2026-02-07,rirx8622d6hv,Phantom,Mist,83,71,1,10,7,3,10,4,2.3558503279956255,7,3,9.355850327995626
2026-02-09,krmbs1q8qy6u,Mist,Rose,90,64,1,11,7,4,11,3,1.8132347945936576,7,4,8.813234794593658
2026-02-09,krmbs1q8qy6u,Rose,Mist,64,90,0,11,5,6,11,3,1.2666678837055616,5,6,6.266667883705562
2026-02-09,vjufb0fy2vdg,Phantom,Vinyl,76,73,1,11,8,3,11,3,1.7740360003454634,8,3,9.774036000345463
2026-02-09,vjufb0fy2vdg,Vinyl,Phantom,73,76,0,11,4,7,11,3,1.405319120981456,4,7,5.405319120981456
